"安道尔共和国","Andorra","AD",376
"阿拉伯联合酋长国","United Arab Emirates","AE",971
"阿富汗","Afghanistan","AF",93
"安提瓜和巴布达","Antigua and Barbuda","AG",1
"安圭拉岛","Anguilla","AI",1
"阿尔巴尼亚","Albania","AL",355
"亚美尼亚","Armenia","AM",374
"荷属安的列斯","Netherlands Antilles","AN",599
"安哥拉","Angola","AO",244
"阿根廷","Argentina","AR",54
"奥地利","Austria","AT",43
"澳大利亚","Australia","AU",61
"阿鲁巴","Aruba","AW",297
"阿塞拜疆","Azerbaijan","AZ",994
"波斯尼亚和黑塞哥维那","Bosnia and Herzegovina","BA",387
"巴巴多斯","Barbados","BB",1
"孟加拉国","Bangladesh","BD",880
"比利时","Belgium","BE",32
"布基纳法索","Burkina-faso","BF",226
"保加利亚","Bulgaria","BG",359
"巴林","Bahrain","BH",973
"布隆迪","Burundi","BI",257
"贝宁","Benin","BJ",229
"百慕大群岛","BermudaIs.","BM",1
"文莱","Brunei","BN",673
"玻利维亚","Bolivia","BO",591
"巴西","Brazil","BR",55
"巴哈马","Bahamas","BS",1
"不丹","Bhutan","BT",975
"博茨瓦纳","Botswana","BW",267
"白俄罗斯","Belarus","BY",375
"伯利兹","Belize","BZ",501
"加拿大","Canada","CA",1
"刚果民主共和国","Democratic Republic of the Congo","CD",243
"中非共和国","Central African Republic","CF",236
"刚果","Congo","CG",242
"瑞士","Switzerland","CH",41
"科特迪瓦","Ivory Coast","CI",225
"库克群岛","Cook Is.","CK",682
"智利","Chile","CL",56
"喀麦隆","Cameroon","CM",237
"中国","China","CN",86
"哥伦比亚","Colombia","CO",57
"哥斯达黎加","Costa Rica","CR",506
"古巴","Cuba","CU",53
"佛得角","Cape Verde","CV",238
"塞浦路斯","Cyprus","CY",357
"捷克","Czech Republic","CZ",420
"德国","Germany","DE",49
"吉布提","Djibouti","DJ",253
"丹麦","Denmark","DK",45
"多米尼加","Dominica","DM",1767
"多米尼加共和国","Dominica Rep.","DO",1829
"阿尔及利亚","Algeria","DZ",213
"厄瓜多尔","Ecuador","EC",593
"爱沙尼亚","Estonia","EE",372
"埃及","Egypt","EG",20
"西班牙","Spain","ES",34
"埃塞俄比亚","Ethiopia","ET",251
"芬兰","Finland","FI",358
"斐济","Fiji","FJ",679
"福克兰群岛","Falkland Islands","FK",500
"法罗群岛","Faroe Islands","FO",298
"法国","France","FR",33
"加蓬","Gabon","GA",241
"英国","United Kingdom","GB",44
"格林纳达","Grenada","GD",1473
"格鲁吉亚","Georgia","GE",995
"法属圭亚那","French Guiana","GF",594
"根西","Guernsey","GG",44
"加纳","Ghana","GH",233
"直布罗陀","Gibraltar","GI",350
"格陵兰","Greenland","GL",299
"冈比亚","Gambia","GM",220
"几内亚","Guinea","GN",224
"瓜德罗普","Guadeloupe","GP",590
"赤道几内亚","Equatorial Guinea","GQ",240
"希腊","Greece","GR",30
"危地马拉","Guatemala","GT",502
"关岛","Guam","GU",1671
"几内亚比索","Guinea-Bissau","GW",245
"圭亚那","Guyana","GY",592
"香港","Hongkong","HK",852
"洪都拉斯","Honduras","HN",504
"克罗地亚","Croatia","HR",385
"海地","Haiti","HT",509
"匈牙利","Hungary","HU",36
"印度尼西亚","Indonesia","ID",62
"爱尔兰","Ireland","IE",353
"以色列","Israel","IL",972
"曼岛","Isle of Man","IM",44
"印度","India","IN",91
"伊拉克","Iraq","IQ",964
"伊朗","Iran","IR",98
"冰岛","Iceland","IS",354
"意大利","Italy","IT",39
"泽西","Jersey","JE",44
"牙买加","Jamaica","JM",1876
"约旦","Jordan","JO",962
"日本","Japan","JP",81
"肯尼亚","Kenya","KE",254
"吉尔吉斯坦","Kyrgyzstan","KG",996
"柬埔寨","Cambodia(Kampuchea)","KH",855
"科摩罗","Comoros","KM",269
"圣基茨和尼维斯","St Kitts and Nevis","KN",1869
"韩国","Korea","KR",82
"科威特","Kuwait","KW",965
"开曼群岛","Cayman Is.","KY",1345
"哈萨克斯坦","Kazakhstan","KZ",7
"老挝","Laos","LA",856
"黎巴嫩","Lebanon","LB",961
"圣卢西亚","Saint Lueia","LC",1758
"列支敦士登","Liechtenstein","LI",423
"斯里兰卡","Sri Lanka","LK",94
"利比里亚","Liberia","LR",231
"莱索托","Lesotho","LS",266
"立陶宛","Lithuania","LT",370
"卢森堡","Luxembourg","LU",352
"拉脱维亚","Latvia","LV",371
"利比亚","Libya","LY",218
"摩洛哥","Morocco","MA",212
"摩纳哥","Monaco","MC",377
"摩尔多瓦","Moldova，Republic of","MD",373
"黑山","Montenegro","ME",382
"马达加斯加","Madagascar","MG",261
"马绍尔群岛","Marshall Islands","MH",692
"马其顿共和国","Republic of Macedonia","MK",389
"马里","Mali","ML",223
"缅甸","Myanmar","MM",95
"蒙古","Mongolia","MN",976
"澳门","Macao","MO",853
"马提尼克","Martinique","MQ",596
"毛里塔尼亚","Mauritania","MR",222
"蒙特塞拉特岛","Montserrat Is","MS",1664
"马耳他","Malta","MT",356
"毛里求斯","Mauritius","MU",230
"马尔代夫","Maldives","MV",960
"马拉维","Malawi","MW",265
"墨西哥","Mexico","MX",52
"马来西亚","Malaysia","MY",60
"莫桑比克","Mozambique","MZ",258
"纳米比亚","Namibia","NA",264
"新喀里多尼亚","New Caledonia","NC",687
"尼日尔","Niger","NE",227
"尼日利亚","Nigeria","NG",234
"尼加拉瓜","Nicaragua","NI",505
"荷兰","Netherlands","NL",31
"挪威","Norway","NO",47
"尼泊尔","Nepal","NP",977
"瑙鲁","Nauru","NR",674
"新西兰","NewZealand","NZ",64
"阿曼","Oman","OM",968
"巴拿马","Panama","PA",507
"秘鲁","Peru","PE",51
"法属玻利尼西亚","French Polynesia","PF",689
"巴布亚新几内亚","Papua New Cuinea","PG",675
"菲律宾","Philippines","PH",63
"巴基斯坦","Pakistan","PK",92
"波兰","Poland","PL",48
"波多黎各","Puerto Rico","PR",1
"巴勒斯坦领土","Palestinian Territory","PS",970
"葡萄牙","Portugal","PT",351
"巴拉圭","Paraguay","PY",595
"卡塔尔","Qatar","QA",974
"留尼旺","Reunion Is.","RE",262
"罗马尼亚","Romania","RO",40
"塞尔维亚","Serbia","RS",381
"俄罗斯","Russia","RU",7
"卢旺达","Rwanda","RW",250
"沙特阿拉伯","Saudi Arabia","SA",966
"塞舌尔","Seychelles","SC",248
"苏丹","Sudan","SD",249
"瑞典","Sweden","SE",46
"新加坡","Singapore","SG",65
"斯洛文尼亚","Slovenia","SI",386
"斯洛伐克","Slovakia","SK",421
"圣马力诺","San Marino","SM",378
"塞内加尔","Senegal","SN",221
"索马里","Somali","SO",252
"苏里南","Suriname","SR",597
"南苏丹","South Sudan","SS",211
"圣多美和普林西比","Sao Tome and Principe","ST",239
"萨尔瓦多","EISalvador","SV",503
"叙利亚","Syria","SY",963
"斯威士兰","Swaziland","SZ",268
"特克斯和凯科斯群岛","Turks and Caicos Islands","TC",1649
"乍得","Chad","TD",235
"多哥","Togo","TG",228
"泰国","Thailand","TH",66
"塔吉克斯坦","Tajikstan","TJ",992
"东帝汶","East Timor ","TL",670
"突尼斯","Tunisia","TN",216
"汤加","Tonga","TO",676
"土耳其","Turkey","TR",90
"特立尼达和多巴哥","Trinidad and Tobago","TT",1868
"台湾省","Taiwan","TW",886
"坦桑尼亚","Tanzania","TZ",255
"乌克兰","Ukraine","UA",380
"乌干达","Uganda","UG",256
"美国","United States of America","US",1
"乌拉圭","Uruguay","UY",598
"乌兹别克斯坦","Uzbekistan","UZ",998
"圣文森特岛","Saint Vincent","VC",1784
"委内瑞拉","Venezuela","VE",58
"英属维京群岛","British Virgin Islands","VG",1284
"美属维京群岛","United States Virgin Islands","VI",1340
"越南","Vietnam","VN",84
"西萨摩亚","Samoa Western","WS",685
"也门","Yemen","YE",967
"南非","South Africa","ZA",27
"赞比亚","Zambia","ZM",260
"津巴布韦","Zimbabwe","ZW",263
